insert into library.books (id, title, author, isbn, description, date_published, publisher, location, user_id, created_at, updated_at)
values  ('00446607-5efb-4629-b4fa-96e4698071ce', 'Manuale di Bari Vol. 1', 'Autore 1', '9780000000001', 'Copia fisica disponibile presso la sede di Bari.', '2026-02-10', 'Editore Levante', 'POINT (16.87061673746254 41.13186952036739)', 'e69a598b-ffd2-4c42-985a-4982aadd02da', '2026-03-01 20:10:42.599036', '2026-03-02 20:10:42.599036'),
        ('2af16e13-d189-4442-b503-c8ef2ca15814', 'Manuale di Bari Vol. 2', 'Autore 2', '9780000000002', 'Copia fisica disponibile presso la sede di Bari.', '2026-01-21', 'Editore Levante', 'POINT (16.88827187242325 41.12473377973933)', 'b69c2395-da3f-4084-ac6c-3d8cdae5c33d', '2026-02-28 20:10:42.599036', '2026-03-02 20:10:42.599036'),
        ('0dd9c0c8-8443-447b-8bb9-c9a419758871', 'Manuale di Bari Vol. 3', 'Autore 3', '9780000000003', 'Copia fisica disponibile presso la sede di Bari.', '2026-01-01', 'Editore Levante', 'POINT (16.890542264704685 41.10908941957317)', 'be03ae73-1d07-423d-b33c-ce259cfdd45d', '2026-02-27 20:10:42.599036', '2026-03-02 20:10:42.599036'),
        ('9c1de1e4-e340-449b-bcc2-554e3d5a955b', 'Manuale di Bari Vol. 4', 'Autore 4', '9780000000004', 'Copia fisica disponibile presso la sede di Bari.', '2025-12-12', 'Editore Levante', 'POINT (16.873533004015357 41.11866673364263)', 'f549ad72-670d-4247-b17c-4149c32bb3d3', '2026-02-26 20:10:42.599036', '2026-03-02 20:10:42.599036'),
        ('9f8c084b-5a71-4385-a7eb-41a6c9497bc4', 'Manuale di Bari Vol. 5', 'Autore 5', '9780000000005', 'Copia fisica disponibile presso la sede di Bari.', '2025-11-22', 'Editore Levante', 'POINT (16.86040847309039 41.10740579146895)', 'fc706554-a283-4c72-abef-b57026def321', '2026-02-25 20:10:42.599036', '2026-03-02 20:10:42.599036'),
        ('7d95f173-9fea-4d70-810f-591a2cc98530', 'Manuale di Bari Vol. 6', 'Autore 6', '9780000000006', 'Copia fisica disponibile presso la sede di Bari.', '2025-11-02', 'Editore Levante', 'POINT (16.869627940375594 41.109539038989844)', 'a2f19508-70f7-40ad-af8a-aedb0a837682', '2026-02-24 20:10:42.599036', '2026-03-02 20:10:42.599036'),
        ('30052cf2-7848-4288-b243-a22a414c95ec', 'Manuale di Bari Vol. 7', 'Autore 0', '9780000000007', 'Copia fisica disponibile presso la sede di Bari.', '2025-10-13', 'Editore Levante', 'POINT (16.884222144632314 41.111136510440595)', '30d4782c-9e20-4574-979d-f9ec13ad0d8b', '2026-02-23 20:10:42.599036', '2026-03-02 20:10:42.599036'),
        ('c415b25c-8fef-4e56-a7e9-adcd7f4eccab', 'Manuale di Bari Vol. 8', 'Autore 1', '9780000000008', 'Copia fisica disponibile presso la sede di Bari.', '2025-09-23', 'Editore Levante', 'POINT (16.88690864304189 41.1341191398618)', 'c34a94e5-eeb6-4ed7-ac72-66b9244edd36', '2026-02-22 20:10:42.599036', '2026-03-02 20:10:42.599036'),
        ('b688602c-38dd-427e-94b1-fd9da77321d6', 'Manuale di Bari Vol. 9', 'Autore 2', '9780000000009', 'Copia fisica disponibile presso la sede di Bari.', '2025-09-03', 'Editore Levante', 'POINT (16.877960750765126 41.13051479703498)', 'dc0e1a87-06d8-4891-9c83-9248a6b9c7ba', '2026-02-21 20:10:42.599036', '2026-03-02 20:10:42.599036'),
        ('b9391bc7-56ab-4eb9-b9a6-b4b1edd6f9ad', 'Manuale di Bari Vol. 10', 'Autore 3', '9780000000010', 'Copia fisica disponibile presso la sede di Bari.', '2025-08-14', 'Editore Levante', 'POINT (16.86297816819323 41.1362332257719)', 'fc706554-a283-4c72-abef-b57026def321', '2026-02-20 20:10:42.599036', '2026-03-02 20:10:42.599036'),
        ('2bdf18f0-0a78-4baa-bf0b-5ce7090e177e', 'Manuale di Bari Vol. 11', 'Autore 4', '9780000000011', 'Copia fisica disponibile presso la sede di Bari.', '2025-07-25', 'Editore Levante', 'POINT (16.886047120743232 41.13346281987664)', 'cf66f2a2-9908-4ee9-9271-2a832d1abb5b', '2026-02-19 20:10:42.599036', '2026-03-02 20:10:42.599036'),
        ('c0825db4-ec8b-4e4d-bd15-4b9ab1fd910d', 'Manuale di Bari Vol. 12', 'Autore 5', '9780000000012', 'Copia fisica disponibile presso la sede di Bari.', '2025-07-05', 'Editore Levante', 'POINT (16.872168089360187 41.119714149289216)', 'b48b0183-7313-43fc-8ce9-3a1a72f91f35', '2026-02-18 20:10:42.599036', '2026-03-02 20:10:42.599036'),
        ('84bdcc70-0094-443f-8a23-de0d742451de', 'Manuale di Bari Vol. 13', 'Autore 6', '9780000000013', 'Copia fisica disponibile presso la sede di Bari.', '2025-06-15', 'Editore Levante', 'POINT (16.867136355173322 41.12524185866839)', 'dc0e1a87-06d8-4891-9c83-9248a6b9c7ba', '2026-02-17 20:10:42.599036', '2026-03-02 20:10:42.599036'),
        ('f2ce7a1b-5dde-4c98-b910-74f64d4fd307', 'Manuale di Bari Vol. 14', 'Autore 0', '9780000000014', 'Copia fisica disponibile presso la sede di Bari.', '2025-05-26', 'Editore Levante', 'POINT (16.88289220194804 41.1273454600303)', '188ce518-fce9-40be-bab4-c340279f7b80', '2026-02-16 20:10:42.599036', '2026-03-02 20:10:42.599036'),
        ('5decb790-80d3-4b33-b535-768c85b722a9', 'Manuale di Bari Vol. 15', 'Autore 1', '9780000000015', 'Copia fisica disponibile presso la sede di Bari.', '2025-05-06', 'Editore Levante', 'POINT (16.86210887201786 41.128912443563294)', 'dc0e1a87-06d8-4891-9c83-9248a6b9c7ba', '2026-02-15 20:10:42.599036', '2026-03-02 20:10:42.599036'),
        ('a5cabb9e-678f-453e-a41a-8f6e275d2a20', 'Manuale di Bari Vol. 16', 'Autore 2', '9780000000016', 'Copia fisica disponibile presso la sede di Bari.', '2025-04-16', 'Editore Levante', 'POINT (16.8777663686557 41.11202975739364)', 'be03ae73-1d07-423d-b33c-ce259cfdd45d', '2026-02-14 20:10:42.599036', '2026-03-02 20:10:42.599036'),
        ('88c87e73-74f1-4da9-9244-50b97be5cf03', 'Manuale di Bari Vol. 17', 'Autore 3', '9780000000017', 'Copia fisica disponibile presso la sede di Bari.', '2025-03-27', 'Editore Levante', 'POINT (16.85836550203153 41.12277499354691)', '6458c628-e64c-4f50-acf4-49562c27dd82', '2026-02-13 20:10:42.599036', '2026-03-02 20:10:42.599036'),
        ('8f0e0ee1-c908-4a19-b1f9-7e7a59554f2c', 'Manuale di Bari Vol. 18', 'Autore 4', '9780000000018', 'Copia fisica disponibile presso la sede di Bari.', '2025-03-07', 'Editore Levante', 'POINT (16.865184317113524 41.12027663746456)', '1ce93bbf-9075-4055-a0fe-c5cd892d96f9', '2026-02-12 20:10:42.599036', '2026-03-02 20:10:42.599036'),
        ('c126df84-ef90-4344-91ef-60265dda96f8', 'Manuale di Bari Vol. 19', 'Autore 5', '9780000000019', 'Copia fisica disponibile presso la sede di Bari.', '2025-02-15', 'Editore Levante', 'POINT (16.858609384693874 41.13198696839717)', 'dc0e1a87-06d8-4891-9c83-9248a6b9c7ba', '2026-02-11 20:10:42.599036', '2026-03-02 20:10:42.599036'),
        ('63d82c64-f536-4e2c-ad96-f5e4b747ff36', 'Manuale di Bari Vol. 20', 'Autore 6', '9780000000020', 'Copia fisica disponibile presso la sede di Bari.', '2025-01-26', 'Editore Levante', 'POINT (16.858319302768198 41.10844794307394)', 'b48b0183-7313-43fc-8ce9-3a1a72f91f35', '2026-02-10 20:10:42.599036', '2026-03-02 20:10:42.599036'),
        ('c3a7bf1a-f03a-4aef-848b-254a2b52397a', 'Manuale di Bari Vol. 21', 'Autore 0', '9780000000021', 'Copia fisica disponibile presso la sede di Bari.', '2025-01-06', 'Editore Levante', 'POINT (16.867657370323172 41.12686601668525)', '6b3c3748-ea33-4110-939d-29fa05307f6c', '2026-02-09 20:10:42.599036', '2026-03-02 20:10:42.599036'),
        ('baeeb2b8-6bd8-47a8-b8e5-5b50aeccbb9f', 'Manuale di Bari Vol. 23', 'Autore 2', '9780000000023', 'Copia fisica disponibile presso la sede di Bari.', '2024-11-27', 'Editore Levante', 'POINT (16.85714663134704 41.12837267558537)', '7b37acb2-c86f-4e2f-90c4-d1a5ffdf59d3', '2026-02-07 20:10:42.599036', '2026-03-02 20:10:42.599036'),
        ('f70e33f9-6b3b-4139-89f0-4d485ae7b46e', 'Manuale di Bari Vol. 24', 'Autore 3', '9780000000024', 'Copia fisica disponibile presso la sede di Bari.', '2024-11-07', 'Editore Levante', 'POINT (16.88733939374781 41.13444055974326)', 'ef35d2e2-fa4c-48c3-9a26-506e1249f6a7', '2026-02-06 20:10:42.599036', '2026-03-02 20:10:42.599036'),
        ('36a95e68-a5f7-4d51-b18e-c0f44d21717a', 'Manuale di Bari Vol. 25', 'Autore 4', '9780000000025', 'Copia fisica disponibile presso la sede di Bari.', '2024-10-18', 'Editore Levante', 'POINT (16.86229756916832 41.13247966474135)', 'dee0c6e5-7567-43de-9088-861264503809', '2026-02-05 20:10:42.599036', '2026-03-02 20:10:42.599036'),
        ('06047606-3ad3-438c-b1ab-626208e96c6c', 'Manuale di Bari Vol. 26', 'Autore 5', '9780000000026', 'Copia fisica disponibile presso la sede di Bari.', '2024-09-28', 'Editore Levante', 'POINT (16.870452359103066 41.10342504716647)', 'a2f19508-70f7-40ad-af8a-aedb0a837682', '2026-02-04 20:10:42.599036', '2026-03-02 20:10:42.599036'),
        ('816207ea-1e43-4f36-9aa3-97700a047171', 'Manuale di Bari Vol. 27', 'Autore 6', '9780000000027', 'Copia fisica disponibile presso la sede di Bari.', '2024-09-08', 'Editore Levante', 'POINT (16.875165341980228 41.106462655125135)', 'c34a94e5-eeb6-4ed7-ac72-66b9244edd36', '2026-02-03 20:10:42.599036', '2026-03-02 20:10:42.599036'),
        ('92639e05-430a-46ec-80dd-f875a9fe3353', 'Manuale di Bari Vol. 28', 'Autore 0', '9780000000028', 'Copia fisica disponibile presso la sede di Bari.', '2024-08-19', 'Editore Levante', 'POINT (16.879482278636267 41.10621861050822)', 'e7a83a5e-5761-4dcd-8a1e-433cb16221c6', '2026-02-02 20:10:42.599036', '2026-03-02 20:10:42.599036'),
        ('0067a4aa-dd77-4ca6-b627-a7eb90663096', 'Manuale di Bari Vol. 29', 'Autore 1', '9780000000029', 'Copia fisica disponibile presso la sede di Bari.', '2024-07-30', 'Editore Levante', 'POINT (16.89109223987811 41.11038175339063)', 'f92f8790-1083-4b41-8e11-77ca274c8064', '2026-02-01 20:10:42.599036', '2026-03-02 20:10:42.599036'),
        ('a98d641c-e0e3-44aa-af5d-c06e6d8c77f1', 'Manuale di Bari Vol. 30', 'Autore 2', '9780000000030', 'Copia fisica disponibile presso la sede di Bari.', '2024-07-10', 'Editore Levante', 'POINT (16.86050335883363 41.114797133962156)', '6458c628-e64c-4f50-acf4-49562c27dd82', '2026-01-31 20:10:42.599036', '2026-03-02 20:10:42.599036');

insert into library.categories (id, name)
values  ('99290dc0-f8dd-48d8-8cab-73b8a7dd361d', 'Romanzo'),
        ('f20b0544-0f20-4bb6-8319-aabe612de151', 'Saggistica'),
        ('bc266d68-db36-4feb-9bf7-13646b73eb86', 'Biografia e Memorie'),
        ('f0cfad04-a839-4c55-9563-e5a0ff5603df', 'Giallo e Thriller'),
        ('4835eb58-0dec-423e-871e-ec06701d9a40', 'Fantasy'),
        ('e46820be-099d-47a4-af0c-2c9784fd31ce', 'Romanzo'),
        ('02ee282f-9182-4ef7-b0db-359c10666bc5', 'Saggistica'),
        ('6175ca0d-4a50-4e2c-b677-7d0bfe5ea288', 'Biografia e Memorie'),
        ('703da491-00f2-4948-a877-b03883315f3b', 'Giallo e Thriller'),
        ('e17312e3-b574-4187-bd4f-5675c4c6872a', 'Fantasy'),
        ('c60a35a2-535c-4bca-a57a-0e0a5624c0d8', 'Romanzo'),
        ('8f343037-e39d-43e7-beb4-15eab1b71d0b', 'Saggistica'),
        ('931cb3e5-06e4-4aca-9f21-c6ca59447413', 'Biografia e Memorie'),
        ('ee9d5ca1-e93b-4bce-992b-f2ab418cfdea', 'Giallo e Thriller'),
        ('b9dbf769-8562-4fe4-bc06-405712f9c4b2', 'Fantasy'),
        ('3babbeec-a677-4bbb-97c6-ab9ee58a8253', 'Romanzo'),
        ('2ccaff39-32a8-48d6-8b23-51a53b7393d7', 'Saggistica'),
        ('09b73ac6-7822-4550-bef7-36aa8c2c18a4', 'Biografia e Memorie'),
        ('d151d73b-9be9-41b9-ae37-5e62fdc7841f', 'Giallo e Thriller'),
        ('aa5c382f-0616-4b36-8f7f-dcba21e32a35', 'Fantasy'),
        ('758b7d03-609b-44d0-8bc2-adf512999fcf', 'Romanzo'),
        ('7d11a67c-9c92-433e-8ec0-1291cd41894b', 'Saggistica'),
        ('60ba0dbf-2e80-49e3-adb4-88cc681746ac', 'Biografia e Memorie'),
        ('2a430b93-2c4e-4f6e-998f-d307e496a3ec', 'Giallo e Thriller'),
        ('bd0a5cf3-76df-4138-815e-c9c1c36ef8f6', 'Fantasy'),
        ('089b59c4-e1d1-4d2c-959b-0da73d99e53f', 'Romanzo'),
        ('1b0ab4a5-eae4-4d26-86bc-686362105adb', 'Saggistica'),
        ('4a75c7de-fd60-44cd-9e5b-859cb9edaa70', 'Biografia e Memorie'),
        ('6d10eefa-5b3e-453b-ba63-b23cec488599', 'Giallo e Thriller'),
        ('bfede845-14ab-4408-91fe-49c962e26515', 'Fantasy');

insert into library.loan_requests (id, book_id, user_id, status, request_date, status_date)
values  ('7dfe0e9c-38a7-4725-b32f-f09c7b9b21bd', '00446607-5efb-4629-b4fa-96e4698071ce', 'e7a83a5e-5761-4dcd-8a1e-433cb16221c6', 'PENDING', '2026-03-02 08:10:42.599036 +00:00', '2026-03-02 20:10:42.599036 +00:00'),
        ('3ce5eb35-e241-4064-8087-42ef35504dd8', '2af16e13-d189-4442-b503-c8ef2ca15814', 'f92f8790-1083-4b41-8e11-77ca274c8064', 'PENDING', '2026-03-01 20:10:42.599036 +00:00', '2026-03-02 20:10:42.599036 +00:00'),
        ('8ae03a2b-e0ac-4cad-83a8-44c30bc23df8', '0dd9c0c8-8443-447b-8bb9-c9a419758871', 'fc706554-a283-4c72-abef-b57026def321', 'ACCEPTED', '2026-03-01 08:10:42.599036 +00:00', '2026-03-02 20:10:42.599036 +00:00'),
        ('d5629d8e-71d1-4803-9aea-31820ce0456f', '9c1de1e4-e340-449b-bcc2-554e3d5a955b', 'fc9d8a9a-b57f-445a-a07e-5f8eb8672cc8', 'PENDING', '2026-02-28 20:10:42.599036 +00:00', '2026-03-02 20:10:42.599036 +00:00'),
        ('94626d97-7712-4311-877c-118a86ee3d65', '9f8c084b-5a71-4385-a7eb-41a6c9497bc4', 'be03ae73-1d07-423d-b33c-ce259cfdd45d', 'PENDING', '2026-02-28 08:10:42.599036 +00:00', '2026-03-02 20:10:42.599036 +00:00'),
        ('a311a38d-6e7a-4624-be96-da4d3605fe29', '7d95f173-9fea-4d70-810f-591a2cc98530', '6b3c3748-ea33-4110-939d-29fa05307f6c', 'ACCEPTED', '2026-02-27 20:10:42.599036 +00:00', '2026-03-02 20:10:42.599036 +00:00'),
        ('2fbbe1db-7957-4090-90a1-76ca52b70d63', '30052cf2-7848-4288-b243-a22a414c95ec', 'fc706554-a283-4c72-abef-b57026def321', 'PENDING', '2026-02-27 08:10:42.599036 +00:00', '2026-03-02 20:10:42.599036 +00:00'),
        ('f6df6215-ddc5-4b80-9f61-db1efb30b64f', 'c415b25c-8fef-4e56-a7e9-adcd7f4eccab', 'fc9d8a9a-b57f-445a-a07e-5f8eb8672cc8', 'PENDING', '2026-02-26 20:10:42.599036 +00:00', '2026-03-02 20:10:42.599036 +00:00'),
        ('9c76fde3-3cea-4add-8878-1c8b61ebcc8c', 'b688602c-38dd-427e-94b1-fd9da77321d6', 'e69a598b-ffd2-4c42-985a-4982aadd02da', 'ACCEPTED', '2026-02-26 08:10:42.599036 +00:00', '2026-03-02 20:10:42.599036 +00:00'),
        ('c3a26d0e-23a7-46ee-aada-b9cad105db53', 'b9391bc7-56ab-4eb9-b9a6-b4b1edd6f9ad', 'dee0c6e5-7567-43de-9088-861264503809', 'PENDING', '2026-02-25 20:10:42.599036 +00:00', '2026-03-02 20:10:42.599036 +00:00'),
        ('97005a99-6a2d-4f5c-a962-d02756423f69', '2bdf18f0-0a78-4baa-bf0b-5ce7090e177e', 'f92f8790-1083-4b41-8e11-77ca274c8064', 'PENDING', '2026-02-25 08:10:42.599036 +00:00', '2026-03-02 20:10:42.599036 +00:00'),
        ('8cb7ea54-4cc7-41c8-8e3b-627c1c511d5c', 'c0825db4-ec8b-4e4d-bd15-4b9ab1fd910d', '7b37acb2-c86f-4e2f-90c4-d1a5ffdf59d3', 'ACCEPTED', '2026-02-24 20:10:42.599036 +00:00', '2026-03-02 20:10:42.599036 +00:00'),
        ('2dc7ab0d-5133-40f0-854a-b362257afa38', '84bdcc70-0094-443f-8a23-de0d742451de', 'fc706554-a283-4c72-abef-b57026def321', 'PENDING', '2026-02-24 08:10:42.599036 +00:00', '2026-03-02 20:10:42.599036 +00:00'),
        ('33f84eec-f99f-4a0c-9e41-c9d36f96f330', 'f2ce7a1b-5dde-4c98-b910-74f64d4fd307', '1ce93bbf-9075-4055-a0fe-c5cd892d96f9', 'PENDING', '2026-02-23 20:10:42.599036 +00:00', '2026-03-02 20:10:42.599036 +00:00'),
        ('8f415556-ca1e-42c8-8c5a-7b2713143902', '5decb790-80d3-4b33-b535-768c85b722a9', '188ce518-fce9-40be-bab4-c340279f7b80', 'ACCEPTED', '2026-02-23 08:10:42.599036 +00:00', '2026-03-02 20:10:42.599036 +00:00');

insert into library.book_categories (book_id, category_id)
values  ('00446607-5efb-4629-b4fa-96e4698071ce', 'd151d73b-9be9-41b9-ae37-5e62fdc7841f'),
        ('2af16e13-d189-4442-b503-c8ef2ca15814', '09b73ac6-7822-4550-bef7-36aa8c2c18a4'),
        ('0dd9c0c8-8443-447b-8bb9-c9a419758871', '8f343037-e39d-43e7-beb4-15eab1b71d0b'),
        ('9c1de1e4-e340-449b-bcc2-554e3d5a955b', '1b0ab4a5-eae4-4d26-86bc-686362105adb'),
        ('9f8c084b-5a71-4385-a7eb-41a6c9497bc4', 'f0cfad04-a839-4c55-9563-e5a0ff5603df'),
        ('7d95f173-9fea-4d70-810f-591a2cc98530', '758b7d03-609b-44d0-8bc2-adf512999fcf'),
        ('30052cf2-7848-4288-b243-a22a414c95ec', 'f20b0544-0f20-4bb6-8319-aabe612de151'),
        ('c415b25c-8fef-4e56-a7e9-adcd7f4eccab', '3babbeec-a677-4bbb-97c6-ab9ee58a8253'),
        ('b688602c-38dd-427e-94b1-fd9da77321d6', 'bc266d68-db36-4feb-9bf7-13646b73eb86'),
        ('b9391bc7-56ab-4eb9-b9a6-b4b1edd6f9ad', '703da491-00f2-4948-a877-b03883315f3b'),
        ('2bdf18f0-0a78-4baa-bf0b-5ce7090e177e', '4835eb58-0dec-423e-871e-ec06701d9a40'),
        ('c0825db4-ec8b-4e4d-bd15-4b9ab1fd910d', 'c60a35a2-535c-4bca-a57a-0e0a5624c0d8'),
        ('84bdcc70-0094-443f-8a23-de0d742451de', '2a430b93-2c4e-4f6e-998f-d307e496a3ec'),
        ('f2ce7a1b-5dde-4c98-b910-74f64d4fd307', 'bfede845-14ab-4408-91fe-49c962e26515'),
        ('5decb790-80d3-4b33-b535-768c85b722a9', '4a75c7de-fd60-44cd-9e5b-859cb9edaa70'),
        ('a5cabb9e-678f-453e-a41a-8f6e275d2a20', 'b9dbf769-8562-4fe4-bc06-405712f9c4b2'),
        ('88c87e73-74f1-4da9-9244-50b97be5cf03', '09b73ac6-7822-4550-bef7-36aa8c2c18a4'),
        ('8f0e0ee1-c908-4a19-b1f9-7e7a59554f2c', '931cb3e5-06e4-4aca-9f21-c6ca59447413'),
        ('c126df84-ef90-4344-91ef-60265dda96f8', 'e17312e3-b574-4187-bd4f-5675c4c6872a'),
        ('63d82c64-f536-4e2c-ad96-f5e4b747ff36', '6175ca0d-4a50-4e2c-b677-7d0bfe5ea288'),
        ('c3a7bf1a-f03a-4aef-848b-254a2b52397a', 'aa5c382f-0616-4b36-8f7f-dcba21e32a35'),
        ('baeeb2b8-6bd8-47a8-b8e5-5b50aeccbb9f', 'd151d73b-9be9-41b9-ae37-5e62fdc7841f'),
        ('f70e33f9-6b3b-4139-89f0-4d485ae7b46e', 'bfede845-14ab-4408-91fe-49c962e26515'),
        ('36a95e68-a5f7-4d51-b18e-c0f44d21717a', 'bc266d68-db36-4feb-9bf7-13646b73eb86'),
        ('06047606-3ad3-438c-b1ab-626208e96c6c', 'bc266d68-db36-4feb-9bf7-13646b73eb86'),
        ('816207ea-1e43-4f36-9aa3-97700a047171', '02ee282f-9182-4ef7-b0db-359c10666bc5'),
        ('92639e05-430a-46ec-80dd-f875a9fe3353', 'f0cfad04-a839-4c55-9563-e5a0ff5603df'),
        ('0067a4aa-dd77-4ca6-b627-a7eb90663096', 'b9dbf769-8562-4fe4-bc06-405712f9c4b2'),
        ('a98d641c-e0e3-44aa-af5d-c06e6d8c77f1', '60ba0dbf-2e80-49e3-adb4-88cc681746ac');